DORCode,LEACode,Municipality,County,CherrySheetFY,Population,DORIncome,DORIncomePerCapita,EQV,EQVPerCapita
001,1,Abington,PLYMOUTH,2023,"17,062","645,765,000","37,848","2,379,458,500","139,460"
002,2,Acton,MIDDLESEX,2023,"24,021","1,733,168,000","72,152","4,940,912,200","205,691"
003,3,Acushnet,BRISTOL,2023,"10,559","376,411,000","35,648","1,346,443,900","127,516"
004,4,Adams,BERKSHIRE,2023,"8,166","191,139,000","23,407","549,332,800","67,271"
005,5,Agawam,HAMPDEN,2023,"28,692","893,064,000","31,126","3,286,756,800","114,553"
006,6,Alford,BERKSHIRE,2023,486,"16,412,000","33,770","279,886,100","575,897"
007,7,Amesbury,ESSEX,2023,"17,366","714,427,000","41,139","2,652,855,600","152,761"
008,8,Amherst,HAMPSHIRE,2023,"39,263","763,306,000","19,441","2,727,618,700","69,470"
009,9,Andover,ESSEX,2023,"36,569","3,191,831,000","87,282","9,328,654,100","255,097"
010,10,Arlington,MIDDLESEX,2023,"46,308","3,052,960,000","65,927","12,795,048,700","276,303"
011,11,Ashburnham,WORCESTER,2023,"6,315","228,935,000","36,253","795,346,900","125,946"
012,12,Ashby,MIDDLESEX,2023,"3,193","123,259,000","38,603","366,133,300","114,667"
013,13,Ashfield,FRANKLIN,2023,"1,695","47,892,000","28,255","271,206,700","160,004"
014,14,Ashland,MIDDLESEX,2023,"18,832","1,000,740,000","53,140","3,214,888,000","170,714"
015,15,Athol,WORCESTER,2023,"11,945","263,264,000","22,040","880,913,600","73,747"
016,16,Attleboro,BRISTOL,2023,"46,461","1,606,767,000","34,583","5,286,614,900","113,786"
017,17,Auburn,WORCESTER,2023,"16,889","651,647,000","38,584","2,423,368,200","143,488"
018,18,Avon,NORFOLK,2023,"4,777","174,641,000","36,559","912,879,000","191,099"
019,19,Ayer,MIDDLESEX,2023,"8,479","316,196,000","37,292","1,414,841,800","166,864"
020,20,Barnstable,BARNSTABLE,2023,"48,916","2,008,186,000","41,054","16,031,008,100","327,725"
021,21,Barre,WORCESTER,2023,"5,530","155,707,000","28,157","507,030,500","91,687"
022,22,Becket,BERKSHIRE,2023,"1,931","56,000,000","29,001","558,339,300","289,145"
023,23,Bedford,MIDDLESEX,2023,"14,383","1,093,494,000","76,027","4,399,434,500","305,877"
024,24,Belchertown,HAMPSHIRE,2023,"15,350","565,700,000","36,853","1,706,796,100","111,192"
025,25,Bellingham,NORFOLK,2023,"16,945","650,983,000","38,417","2,853,759,500","168,413"
026,26,Belmont,MIDDLESEX,2023,"27,295","2,673,968,000","97,965","9,840,875,900","360,538"
027,27,Berkley,BRISTOL,2023,"6,764","283,733,000","41,948","971,888,500","143,685"
028,28,Berlin,WORCESTER,2023,"3,158","187,295,000","59,308","710,453,400","224,969"
029,29,Bernardston,FRANKLIN,2023,"2,102","66,410,000","31,594","248,325,200","118,138"
030,30,Beverly,ESSEX,2023,"42,670","2,147,810,000","50,335","7,994,706,700","187,361"
031,31,Billerica,MIDDLESEX,2023,"42,119","1,792,705,000","42,563","7,998,669,600","189,906"
032,32,Blackstone,WORCESTER,2023,"9,208","321,491,000","34,914","1,075,325,500","116,782"
033,33,Blandford,HAMPDEN,2023,"1,215","39,447,000","32,467","180,760,100","148,774"
034,34,Bolton,WORCESTER,2023,"5,665","452,935,000","79,953","1,191,544,800","210,334"
035,35,Boston,SUFFOLK,2023,"675,647","37,186,003,000","55,038","203,894,526,100","301,777"
036,36,Bourne,BARNSTABLE,2023,"20,452","819,472,000","40,068","5,178,654,100","253,210"
037,37,Boxborough,MIDDLESEX,2023,"5,506","364,645,000","66,227","1,245,735,100","226,250"
038,38,Boxford,ESSEX,2023,"8,203","907,352,000","110,612","2,027,205,500","247,130"
039,39,Boylston,WORCESTER,2023,"4,849","306,364,000","63,181","894,665,100","184,505"
040,40,Braintree,NORFOLK,2023,"39,143","1,741,785,000","44,498","8,213,296,300","209,828"
041,41,Brewster,BARNSTABLE,2023,"10,318","433,996,000","42,062","4,380,442,300","424,544"
042,42,Bridgewater,PLYMOUTH,2023,"28,633","977,567,000","34,141","3,400,108,700","118,748"
043,43,Brimfield,HAMPDEN,2023,"3,694","150,717,000","40,800","466,597,600","126,312"
044,44,Brockton,PLYMOUTH,2023,"105,643","2,294,511,000","21,719","8,886,561,300","84,119"
045,45,Brookfield,WORCESTER,2023,"3,439","102,428,000","29,784","312,533,400","90,879"
046,46,Brookline,NORFOLK,2023,"63,191","5,258,060,000","83,209","28,147,948,700","445,442"
047,47,Buckland,FRANKLIN,2023,"1,816","44,572,050","24,544","236,099,700","130,011"
048,48,Burlington,MIDDLESEX,2023,"26,377","1,423,904,000","53,983","8,100,649,200","307,110"
049,49,Cambridge,MIDDLESEX,2023,"118,403","8,626,740,000","72,859","63,505,735,500","536,352"
050,50,Canton,NORFOLK,2023,"24,370","1,466,824,000","60,190","5,664,784,600","232,449"
051,51,Carlisle,MIDDLESEX,2023,"5,237","696,005,000","132,901","1,657,167,300","316,434"
052,52,Carver,PLYMOUTH,2023,"11,645","414,530,000","35,597","1,542,843,600","132,490"
053,53,Charlemont,FRANKLIN,2023,"1,185","28,506,000","24,056","147,289,000","124,295"
054,54,Charlton,WORCESTER,2023,"13,315","544,329,000","40,881","1,794,497,600","134,773"
055,55,Chatham,BARNSTABLE,2023,"6,594","462,832,000","70,190","7,904,158,600","1,198,690"
056,56,Chelmsford,MIDDLESEX,2023,"36,392","2,065,597,000","56,760","6,551,073,600","180,014"
057,57,Chelsea,SUFFOLK,2023,"40,787","863,146,000","21,162","4,225,152,600","103,591"
058,58,Cheshire,BERKSHIRE,2023,"3,258","100,720,000","30,915","327,182,900","100,424"
059,59,Chester,HAMPDEN,2023,"1,228","31,514,000","25,663","129,904,800","105,786"
060,60,Chesterfield,HAMPSHIRE,2023,"1,186","37,028,000","31,221","165,075,500","139,187"
061,61,Chicopee,HAMPDEN,2023,"55,560","1,217,103,000","21,906","4,282,298,400","77,075"
062,62,Chilmark,DUKES,2023,"1,212","84,756,000","69,931","3,657,005,200","3,017,331"
063,63,Clarksburg,BERKSHIRE,2023,"1,657","42,428,000","25,605","133,566,700","80,608"
064,64,Clinton,WORCESTER,2023,"15,428","473,675,000","30,702","1,653,168,200","107,154"
065,65,Cohasset,NORFOLK,2023,"8,381","1,097,715,000","130,977","3,240,448,100","386,642"
066,66,Colrain,FRANKLIN,2023,"1,606","45,888,000","28,573","182,644,300","113,726"
067,67,Concord,MIDDLESEX,2023,"18,491","2,815,154,000","152,245","7,134,203,400","385,820"
068,68,Conway,FRANKLIN,2023,"1,761","65,789,000","37,359","272,849,200","154,940"
069,69,Cummington,HAMPSHIRE,2023,829,"25,931,000","31,280","136,764,000","164,975"
070,70,Dalton,BERKSHIRE,2023,"6,330","216,785,000","34,247","659,304,000","104,155"
071,71,Danvers,ESSEX,2023,"28,087","1,359,576,000","48,406","5,748,464,900","204,666"
072,72,Dartmouth,BRISTOL,2023,"33,783","1,413,488,000","41,840","6,198,070,600","183,467"
073,73,Dedham,NORFOLK,2023,"25,364","1,544,132,000","60,879","5,863,555,800","231,176"
074,74,Deerfield,FRANKLIN,2023,"5,090","236,065,000","46,378","808,941,100","158,928"
075,75,Dennis,BARNSTABLE,2023,"14,674","576,790,000","39,307","7,955,584,100","542,155"
076,76,Dighton,BRISTOL,2023,"8,101","302,643,000","37,359","1,162,938,400","143,555"
077,77,Douglas,WORCESTER,2023,"8,983","360,048,000","40,081","1,154,562,000","128,527"
078,78,Dover,NORFOLK,2023,"5,923","1,455,913,000","245,807","2,831,290,600","478,016"
079,79,Dracut,MIDDLESEX,2023,"32,617","1,183,256,000","36,277","4,153,988,500","127,357"
080,80,Dudley,WORCESTER,2023,"11,921","352,426,000","29,563","1,146,095,200","96,141"
081,81,Dunstable,MIDDLESEX,2023,"3,358","225,804,000","67,244","606,991,900","180,760"
082,82,Duxbury,PLYMOUTH,2023,"16,090","1,831,514,000","113,829","4,654,728,300","289,293"
083,83,East Bridgewater,PLYMOUTH,2023,"14,440","545,081,000","37,748","1,926,835,300","133,437"
084,84,East Brookfield,WORCESTER,2023,"2,224","77,494,000","34,844","278,867,500","125,390"
085,87,East Longmeadow,HAMPDEN,2023,"16,430","732,957,000","44,611","2,143,969,100","130,491"
086,85,Eastham,BARNSTABLE,2023,"5,752","217,839,000","37,872","3,250,149,400","565,047"
087,86,Easthampton,HAMPSHIRE,2023,"16,211","523,032,000","32,264","1,773,024,900","109,372"
088,88,Easton,BRISTOL,2023,"25,058","1,341,245,000","53,526","4,091,504,700","163,281"
089,89,Edgartown,DUKES,2023,"5,168","354,791,000","68,652","10,127,877,000","1,959,729"
090,90,Egremont,BERKSHIRE,2023,"1,372","39,762,000","28,981","461,457,900","336,340"
091,91,Erving,FRANKLIN,2023,"1,665","43,553,000","26,158","956,478,200","574,461"
092,92,Essex,ESSEX,2023,"3,675","258,565,000","70,358","944,642,600","257,046"
093,93,Everett,MIDDLESEX,2023,"49,075","1,119,184,000","22,806","7,029,819,300","143,246"
094,94,Fairhaven,BRISTOL,2023,"15,924","519,080,000","32,597","2,482,405,500","155,891"
095,95,Fall River,BRISTOL,2023,"94,000","1,754,923,000","18,669","6,253,556,700","66,527"
096,96,Falmouth,BARNSTABLE,2023,"32,517","1,530,740,000","47,075","13,186,717,700","405,533"
097,97,Fitchburg,WORCESTER,2023,"41,946","910,150,000","21,698","3,008,407,300","71,721"
098,98,Florida,BERKSHIRE,2023,694,"14,511,000","20,909","182,043,400","262,310"
099,99,Foxborough,NORFOLK,2023,"18,618","993,227,000","53,348","3,632,254,300","195,094"
100,100,Framingham,MIDDLESEX,2023,"72,362","2,776,859,000","38,375","11,101,738,800","153,419"
101,101,Franklin,NORFOLK,2023,"33,261","1,811,756,000","54,471","6,057,291,000","182,114"
102,102,Freetown,BRISTOL,2023,"9,206","364,015,000","39,541","1,612,258,700","175,131"
103,103,Gardner,WORCESTER,2023,"21,287","469,806,000","22,070","1,481,985,500","69,619"
104,104,Aquinnah,DUKES,2023,439,"12,927,000","29,446","810,687,000","1,846,667"
105,105,Georgetown,ESSEX,2023,"8,470","448,136,000","52,909","1,425,622,900","168,314"
106,106,Gill,FRANKLIN,2023,"1,551","39,605,000","25,535","173,933,200","112,143"
107,107,Gloucester,ESSEX,2023,"29,729","1,223,353,000","41,150","7,571,872,500","254,697"
108,108,Goshen,HAMPSHIRE,2023,960,"15,756,000","16,413","173,818,900","181,061"
109,109,Gosnold,DUKES,2023,70,"879,000","12,557","229,578,500","3,279,693"
110,110,Grafton,WORCESTER,2023,"19,664","1,013,829,000","51,558","2,853,771,800","145,127"
111,111,Granby,HAMPSHIRE,2023,"6,110","219,903,000","35,991","698,314,800","114,290"
112,112,Granville,HAMPDEN,2023,"1,538","55,406,000","36,025","210,428,400","136,820"
113,113,Great Barrington,BERKSHIRE,2023,"7,172","348,192,000","48,549","1,600,428,300","223,150"
114,114,Greenfield,FRANKLIN,2023,"17,768","418,675,000","23,563","1,635,101,600","92,025"
115,115,Groton,MIDDLESEX,2023,"11,315","780,657,000","68,993","2,033,204,400","179,691"
116,116,Groveland,ESSEX,2023,"6,752","294,671,000","43,642","1,116,385,500","165,341"
117,117,Hadley,HAMPSHIRE,2023,"5,325","189,557,000","35,598","1,106,994,300","207,886"
118,118,Halifax,PLYMOUTH,2023,"7,749","337,544,000","43,560","1,059,770,900","136,762"
119,119,Hamilton,ESSEX,2023,"7,561","602,577,000","79,695","1,756,199,200","232,271"
120,120,Hampden,HAMPDEN,2023,"4,966","229,631,000","46,241","662,234,900","133,354"
121,121,Hancock,BERKSHIRE,2023,757,"11,350,000","14,993","322,918,000","426,576"
122,122,Hanover,PLYMOUTH,2023,"14,833","850,059,000","57,309","3,073,778,500","207,226"
123,123,Hanson,PLYMOUTH,2023,"10,639","422,602,000","39,722","1,526,710,200","143,501"
124,124,Hardwick,WORCESTER,2023,"2,667","66,384,000","24,891","270,761,600","101,523"
125,125,Harvard,WORCESTER,2023,"6,851","483,840,000","70,623","1,320,082,000","192,685"
126,126,Harwich,BARNSTABLE,2023,"13,440","560,400,000","41,696","6,396,397,000","475,922"
127,127,Hatfield,HAMPSHIRE,2023,"3,352","133,900,000","39,946","610,123,900","182,018"
128,128,Haverhill,ESSEX,2023,"67,787","2,048,798,000","30,224","7,590,825,800","111,981"
129,129,Hawley,FRANKLIN,2023,353,"7,067,000","20,020","51,879,800","146,968"
130,130,Heath,FRANKLIN,2023,723,"9,390,000","12,988","96,423,600","133,366"
131,131,Hingham,PLYMOUTH,2023,"24,284","3,107,735,000","127,975","7,942,260,800","327,057"
132,132,Hinsdale,BERKSHIRE,2023,"1,919","73,337,000","38,216","323,523,800","168,590"
133,133,Holbrook,NORFOLK,2023,"11,405","372,777,000","32,685","1,455,967,400","127,660"
134,134,Holden,WORCESTER,2023,"19,905","913,423,000","45,889","2,669,892,800","134,132"
135,135,Holland,HAMPDEN,2023,"2,603","89,724,000","34,469","368,404,300","141,531"
136,136,Holliston,MIDDLESEX,2023,"14,996","1,295,623,000","86,398","2,882,048,100","192,188"
137,137,Holyoke,HAMPDEN,2023,"38,238","754,071,000","19,720","2,379,718,800","62,234"
138,138,Hopedale,WORCESTER,2023,"6,017","280,469,000","46,613","867,520,800","144,178"
139,139,Hopkinton,MIDDLESEX,2023,"18,758","1,631,987,000","87,002","4,454,778,900","237,487"
140,140,Hubbardston,WORCESTER,2023,"4,328","167,723,000","38,753","527,028,100","121,772"
141,141,Hudson,MIDDLESEX,2023,"20,092","833,465,000","41,482","3,166,995,200","157,625"
142,142,Hull,PLYMOUTH,2023,"10,072","494,319,000","49,079","2,567,554,800","254,920"
143,143,Huntington,HAMPSHIRE,2023,"2,094","68,901,000","32,904","203,312,000","97,093"
144,144,Ipswich,ESSEX,2023,"13,785","949,198,000","68,857","3,246,602,500","235,517"
145,145,Kingston,PLYMOUTH,2023,"13,708","612,825,000","44,706","2,303,085,100","168,010"
146,146,Lakeville,PLYMOUTH,2023,"11,523","506,180,000","43,928","2,033,953,800","176,513"
147,147,Lancaster,WORCESTER,2023,"8,441","323,775,000","38,357","1,088,038,600","128,899"
148,148,Lanesborough,BERKSHIRE,2023,"3,038","89,385,000","29,422","426,435,400","140,367"
149,149,Lawrence,ESSEX,2023,"89,143","1,535,412,000","17,224","5,310,863,600","59,577"
150,150,Lee,BERKSHIRE,2023,"5,788","192,660,000","33,286","1,039,758,100","179,640"
151,151,Leicester,WORCESTER,2023,"11,087","367,953,000","33,188","1,145,368,600","103,307"
152,152,Lenox,BERKSHIRE,2023,"5,095","285,824,000","56,099","1,351,518,200","265,264"
153,153,Leominster,WORCESTER,2023,"43,782","1,313,291,000","29,996","4,405,389,500","100,621"
154,154,Leverett,FRANKLIN,2023,"1,865","83,155,000","44,587","291,826,100","156,475"
155,155,Lexington,MIDDLESEX,2023,"34,454","4,526,816,000","131,387","13,471,181,900","390,990"
156,156,Leyden,FRANKLIN,2023,734,"22,145,000","30,170","95,052,200","129,499"
157,157,Lincoln,MIDDLESEX,2023,"7,014","1,095,611,000","156,203","2,323,751,900","331,302"
158,158,Littleton,MIDDLESEX,2023,"10,141","593,447,000","58,520","2,226,110,600","219,516"
159,159,Longmeadow,HAMPDEN,2023,"15,853","1,233,310,000","77,797","2,309,114,600","145,658"
160,160,Lowell,MIDDLESEX,2023,"115,554","2,668,420,000","23,092","9,848,176,600","85,226"
161,161,Ludlow,HAMPDEN,2023,"21,002","640,417,000","30,493","2,262,713,800","107,738"
162,162,Lunenburg,WORCESTER,2023,"11,782","480,516,000","40,784","1,672,175,900","141,926"
163,163,Lynn,ESSEX,2023,"101,253","2,257,096,000","22,292","9,814,969,600","96,935"
164,164,Lynnfield,ESSEX,2023,"13,000","1,147,737,000","88,287","3,508,636,700","269,895"
165,165,Malden,MIDDLESEX,2023,"66,263","1,941,308,000","29,297","9,209,316,800","138,981"
166,166,Manchester By The Sea,ESSEX,2023,"5,395","969,723,000","179,745","2,662,108,600","493,440"
167,167,Mansfield,BRISTOL,2023,"23,860","1,286,584,000","53,922","4,294,632,400","179,993"
168,168,Marblehead,ESSEX,2023,"20,441","1,923,335,000","94,092","6,959,309,400","340,458"
169,169,Marion,PLYMOUTH,2023,"5,347","346,147,000","64,737","1,895,160,500","354,434"
170,170,Marlborough,MIDDLESEX,2023,"41,793","1,524,693,000","36,482","6,865,547,800","164,275"
171,171,Marshfield,PLYMOUTH,2023,"25,825","1,398,900,000","54,168","5,504,694,400","213,154"
172,172,Mashpee,BARNSTABLE,2023,"15,060","626,791,000","41,620","5,990,551,100","397,779"
173,173,Mattapoisett,PLYMOUTH,2023,"6,508","376,081,000","57,787","1,900,482,600","292,023"
174,174,Maynard,MIDDLESEX,2023,"10,746","460,513,000","42,854","1,620,005,500","150,754"
175,175,Medfield,NORFOLK,2023,"12,799","1,274,776,000","99,600","2,985,655,000","233,273"
176,176,Medford,MIDDLESEX,2023,"59,659","2,576,488,000","43,187","12,501,964,700","209,557"
177,177,Medway,NORFOLK,2023,"13,115","736,877,000","56,186","2,494,179,400","190,178"
178,178,Melrose,MIDDLESEX,2023,"29,817","1,608,282,000","53,938","6,208,754,700","208,229"
179,179,Mendon,WORCESTER,2023,"6,228","367,439,000","58,998","1,082,278,300","173,776"
180,180,Merrimac,ESSEX,2023,"6,723","364,789,000","54,260","966,545,100","143,767"
181,181,Methuen,ESSEX,2023,"53,059","1,699,916,000","32,038","6,534,741,900","123,160"
182,182,Middleborough,PLYMOUTH,2023,"24,245","805,712,000","33,232","3,078,877,100","126,990"
183,183,Middlefield,HAMPSHIRE,2023,385,"10,159,000","26,387","73,050,200","189,741"
184,184,Middleton,ESSEX,2023,"9,779","581,197,000","59,433","2,366,454,600","241,994"
185,185,Milford,WORCESTER,2023,"30,379","1,034,640,000","34,058","3,913,410,800","128,820"
186,186,Millbury,WORCESTER,2023,"13,831","515,196,000","37,249","1,940,073,800","140,270"
187,187,Millis,NORFOLK,2023,"8,460","400,704,000","47,365","1,417,727,000","167,580"
188,188,Millville,WORCESTER,2023,"3,174","107,806,000","33,965","337,150,600","106,223"
189,189,Milton,NORFOLK,2023,"28,630","2,228,818,000","77,849","6,817,342,900","238,119"
190,190,Monroe,FRANKLIN,2023,118,"982,000","8,322","28,214,600","239,107"
191,191,Monson,HAMPDEN,2023,"8,150","276,677,000","33,948","853,970,900","104,782"
192,192,Montague,FRANKLIN,2023,"8,580","205,571,000","23,959","953,787,100","111,164"
193,193,Monterey,BERKSHIRE,2023,"1,095","29,613,000","27,044","540,379,700","493,497"
194,194,Montgomery,HAMPDEN,2023,819,"29,728,000","36,298","113,997,900","139,192"
195,195,Mount Washington,BERKSHIRE,2023,160,"3,221,000","20,131","100,069,300","625,433"
196,196,Nahant,ESSEX,2023,"3,334","231,730,000","69,505","1,034,428,700","310,267"
197,197,Nantucket,NANTUCKET,2023,"14,255","843,478,000","59,171","26,096,711,600","1,830,706"
198,198,Natick,MIDDLESEX,2023,"37,006","2,330,827,000","62,985","9,500,063,400","256,717"
199,199,Needham,NORFOLK,2023,"32,091","3,823,782,000","119,154","11,580,160,100","360,854"
200,200,New Ashford,BERKSHIRE,2023,250,"6,924,000","27,696","40,130,500","160,522"
201,201,New Bedford,BRISTOL,2023,"101,079","1,906,151,000","18,858","6,947,603,100","68,734"
202,202,New Braintree,WORCESTER,2023,996,"39,367,000","39,525","125,454,700","125,959"
203,205,New Marlborough,BERKSHIRE,2023,"1,528","54,346,000","35,567","568,276,600","371,909"
204,206,New Salem,FRANKLIN,2023,983,"27,111,000","27,580","123,679,700","125,819"
205,203,Newbury,ESSEX,2023,"6,716","469,123,000","69,852","1,736,208,200","258,518"
206,204,Newburyport,ESSEX,2023,"18,289","1,206,685,000","65,979","4,963,974,700","271,419"
207,207,Newton,MIDDLESEX,2023,"88,923","13,018,314,000","146,400","34,257,156,100","385,245"
208,208,Norfolk,NORFOLK,2023,"11,662","720,423,000","61,775","1,981,383,700","169,901"
209,209,North Adams,BERKSHIRE,2023,"12,961","229,834,000","17,733","801,676,900","61,853"
210,211,North Andover,ESSEX,2023,"30,915","1,928,312,000","62,375","5,762,245,600","186,390"
211,212,North Attleborough,BRISTOL,2023,"30,834","1,269,352,000","41,167","4,386,403,100","142,259"
212,215,North Brookfield,WORCESTER,2023,"4,735","143,138,000","30,230","473,064,600","99,908"
213,217,North Reading,MIDDLESEX,2023,"15,554","1,067,199,000","68,613","3,607,668,800","231,945"
214,210,Northampton,HAMPSHIRE,2023,"29,571","1,103,442,000","37,315","3,915,520,200","132,411"
215,213,Northborough,WORCESTER,2023,"15,741","1,015,458,000","64,510","3,297,006,900","209,453"
216,214,Northbridge,WORCESTER,2023,"16,335","601,731,000","36,837","1,894,649,500","115,987"
217,216,Northfield,FRANKLIN,2023,"2,866","94,102,000","32,834","517,658,400","180,621"
218,218,Norton,BRISTOL,2023,"19,202","774,598,000","40,339","2,900,634,100","151,059"
219,219,Norwell,PLYMOUTH,2023,"11,351","1,151,717,000","101,464","2,967,834,000","261,460"
220,220,Norwood,NORFOLK,2023,"31,611","1,387,243,000","43,885","6,194,416,300","195,958"
221,221,Oak Bluffs,DUKES,2023,"5,341","139,117,000","26,047","3,630,614,100","679,763"
222,222,Oakham,WORCESTER,2023,"1,851","68,800,000","37,169","239,239,000","129,249"
223,223,Orange,FRANKLIN,2023,"7,569","162,498,000","21,469","620,932,600","82,036"
224,224,Orleans,BARNSTABLE,2023,"6,307","349,747,000","55,454","4,515,570,600","715,962"
225,225,Otis,BERKSHIRE,2023,"1,634","57,559,000","35,226","659,119,700","403,378"
226,226,Oxford,WORCESTER,2023,"13,347","447,676,000","33,541","1,570,978,000","117,703"
227,227,Palmer,HAMPDEN,2023,"12,448","332,383,000","26,702","1,017,230,700","81,718"
228,228,Paxton,WORCESTER,2023,"5,004","199,985,000","39,965","607,020,400","121,307"
229,229,Peabody,ESSEX,2023,"54,481","1,940,206,000","35,613","9,078,660,600","166,639"
230,230,Pelham,HAMPSHIRE,2023,"1,280","54,164,000","42,316","189,643,300","148,159"
231,231,Pembroke,PLYMOUTH,2023,"18,361","839,640,000","45,730","3,116,738,700","169,748"
232,232,Pepperell,MIDDLESEX,2023,"11,604","477,249,000","41,128","1,488,119,500","128,242"
233,233,Peru,BERKSHIRE,2023,814,"19,443,000","23,886","100,581,000","123,564"
234,234,Petersham,WORCESTER,2023,"1,194","42,894,000","35,925","168,293,700","140,949"
235,235,Phillipston,WORCESTER,2023,"1,726","54,346,000","31,487","225,116,800","130,427"
236,236,Pittsfield,BERKSHIRE,2023,"43,927","1,216,141,000","27,686","3,828,682,400","87,160"
237,237,Plainfield,HAMPSHIRE,2023,633,"18,143,000","28,662","98,187,300","155,114"
238,238,Plainville,NORFOLK,2023,"9,945","440,083,000","44,252","1,692,502,300","170,186"
239,239,Plymouth,PLYMOUTH,2023,"61,217","2,531,178,000","41,348","12,163,150,000","198,689"
240,240,Plympton,PLYMOUTH,2023,"2,930","124,936,000","42,640","591,177,800","201,767"
241,241,Princeton,WORCESTER,2023,"3,495","211,798,000","60,600","591,085,900","169,123"
242,242,Provincetown,BARNSTABLE,2023,"3,664","218,901,000","59,744","3,620,873,900","988,230"
243,243,Quincy,NORFOLK,2023,"101,636","3,736,448,000","36,763","18,377,975,900","180,822"
244,244,Randolph,NORFOLK,2023,"34,984","1,037,114,000","29,645","4,234,173,100","121,032"
245,245,Raynham,BRISTOL,2023,"15,142","626,456,000","41,372","2,528,923,600","167,014"
246,246,Reading,MIDDLESEX,2023,"25,518","1,758,121,000","68,897","5,817,458,000","227,975"
247,247,Rehoboth,BRISTOL,2023,"12,502","619,307,000","49,537","2,137,328,300","170,959"
248,248,Revere,SUFFOLK,2023,"62,186","1,548,089,000","24,894","7,759,126,900","124,773"
249,249,Richmond,BERKSHIRE,2023,"1,407","66,778,000","47,461","441,224,400","313,592"
250,250,Rochester,PLYMOUTH,2023,"5,717","263,747,000","46,134","1,099,776,900","192,370"
251,251,Rockland,PLYMOUTH,2023,"17,803","583,397,000","32,770","2,402,334,500","134,940"
252,252,Rockport,ESSEX,2023,"6,992","370,029,000","52,922","2,475,141,900","353,996"
253,253,Rowe,FRANKLIN,2023,424,"11,401,000","26,889","520,263,200","1,227,036"
254,254,Rowley,ESSEX,2023,"6,161","312,639,000","50,745","1,201,949,600","195,090"
255,255,Royalston,WORCESTER,2023,"1,250","32,431,000","25,945","148,156,600","118,525"
256,256,Russell,HAMPDEN,2023,"1,643","57,818,000","35,191","159,385,000","97,009"
257,257,Rutland,WORCESTER,2023,"9,049","359,752,000","39,756","1,039,229,400","114,845"
258,258,Salem,ESSEX,2023,"44,480","1,494,565,000","33,601","6,641,110,700","149,306"
259,259,Salisbury,ESSEX,2023,"9,236","328,107,000","35,525","2,004,195,100","216,998"
260,260,Sandisfield,BERKSHIRE,2023,989,"19,125,000","19,338","239,836,800","242,504"
261,261,Sandwich,BARNSTABLE,2023,"20,259","933,582,000","46,082","4,979,931,300","245,813"
262,262,Saugus,ESSEX,2023,"28,619","1,087,457,000","37,998","5,498,717,200","192,135"
263,263,Savoy,BERKSHIRE,2023,645,"19,312,000","29,941","75,889,600","117,658"
264,264,Scituate,PLYMOUTH,2023,"19,063","1,384,226,000","72,613","5,194,149,500","272,473"
265,265,Seekonk,BRISTOL,2023,"15,531","626,706,000","40,352","2,729,356,900","175,736"
266,266,Sharon,NORFOLK,2023,"18,575","1,291,970,000","69,554","3,961,784,600","213,286"
267,267,Sheffield,BERKSHIRE,2023,"3,327","121,639,000","36,561","717,578,800","215,683"
268,268,Shelburne,FRANKLIN,2023,"1,884","44,258,841","23,492","308,015,300","163,490"
269,269,Sherborn,MIDDLESEX,2023,"4,401","946,102,000","214,974","1,380,482,500","313,675"
270,270,Shirley,MIDDLESEX,2023,"7,431","226,197,000","30,440","778,088,400","104,708"
271,271,Shrewsbury,WORCESTER,2023,"38,325","2,287,457,000","59,686","6,818,364,500","177,909"
272,272,Shutesbury,FRANKLIN,2023,"1,717","53,151,000","30,956","243,958,800","142,084"
273,273,Somerset,BRISTOL,2023,"18,303","613,284,000","33,507","2,395,477,400","130,879"
274,274,Somerville,MIDDLESEX,2023,"81,045","4,174,809,000","51,512","19,987,384,600","246,621"
275,278,South Hadley,HAMPSHIRE,2023,"18,150","594,304,000","32,744","1,745,214,700","96,155"
276,275,Southampton,HAMPSHIRE,2023,"6,224","297,008,000","47,720","841,345,200","135,178"
277,276,Southborough,WORCESTER,2023,"10,450","1,288,143,000","123,267","2,780,408,500","266,068"
278,277,Southbridge,WORCESTER,2023,"17,740","381,782,000","21,521","1,200,715,500","67,684"
279,279,Southwick,HAMPDEN,2023,"9,232","389,507,000","42,191","1,204,413,300","130,461"
280,280,Spencer,WORCESTER,2023,"11,992","358,964,000","29,934","1,231,722,600","102,712"
281,281,Springfield,HAMPDEN,2023,"155,929","2,625,647,000","16,839","9,395,931,000","60,258"
282,282,Sterling,WORCESTER,2023,"7,985","410,246,000","51,377","1,256,274,900","157,329"
283,283,Stockbridge,BERKSHIRE,2023,"2,018","99,219,000","49,167","951,374,700","471,444"
284,284,Stoneham,MIDDLESEX,2023,"23,244","1,110,699,000","47,784","4,676,207,700","201,179"
285,285,Stoughton,NORFOLK,2023,"29,281","1,044,063,000","35,657","4,681,174,300","159,871"
286,286,Stow,MIDDLESEX,2023,"7,174","550,317,000","76,710","1,445,144,700","201,442"
287,287,Sturbridge,WORCESTER,2023,"9,867","477,556,000","48,399","1,458,329,400","147,799"
288,288,Sudbury,MIDDLESEX,2023,"18,934","2,280,904,000","120,466","5,131,906,400","271,042"
289,289,Sunderland,FRANKLIN,2023,"3,663","109,964,000","30,020","388,097,600","105,951"
290,290,Sutton,WORCESTER,2023,"9,357","544,119,000","58,151","1,666,618,900","178,115"
291,291,Swampscott,ESSEX,2023,"15,111","1,090,821,000","72,187","3,428,507,500","226,888"
292,292,Swansea,BRISTOL,2023,"17,144","591,781,000","34,518","2,431,716,500","141,841"
293,293,Taunton,BRISTOL,2023,"59,408","1,604,932,000","27,015","6,152,158,200","103,558"
294,294,Templeton,WORCESTER,2023,"8,149","234,294,000","28,751","731,826,100","89,806"
295,295,Tewksbury,MIDDLESEX,2023,"31,342","1,368,087,000","43,650","5,637,921,800","179,884"
296,296,Tisbury,DUKES,2023,"4,815","104,294,400","21,660","3,224,394,300","669,656"
297,297,Tolland,HAMPDEN,2023,471,"12,552,000","26,650","196,506,400","417,211"
298,298,Topsfield,ESSEX,2023,"6,569","501,440,000","76,334","1,512,746,600","230,286"
299,299,Townsend,MIDDLESEX,2023,"9,127","337,685,000","36,998","1,028,137,100","112,648"
300,300,Truro,BARNSTABLE,2023,"2,454","113,597,000","46,291","2,485,412,200","1,012,800"
301,301,Tyngsborough,MIDDLESEX,2023,"12,380","567,254,000","45,820","1,879,305,900","151,802"
302,302,Tyringham,BERKSHIRE,2023,427,"9,527,000","22,311","214,764,900","502,962"
303,303,Upton,WORCESTER,2023,"8,000","462,965,000","57,871","1,323,346,500","165,418"
304,304,Uxbridge,WORCESTER,2023,"14,162","565,746,000","39,948","2,020,830,200","142,694"
305,305,Wakefield,MIDDLESEX,2023,"27,090","1,441,662,000","53,217","5,733,498,000","211,646"
306,306,Wales,HAMPDEN,2023,"1,832","45,851,000","25,028","184,036,100","100,456"
307,307,Walpole,NORFOLK,2023,"26,383","1,549,523,000","58,732","5,276,015,500","199,978"
308,308,Waltham,MIDDLESEX,2023,"65,218","2,676,635,000","41,041","15,280,634,600","234,301"
309,309,Ware,HAMPSHIRE,2023,"10,066","242,254,000","24,067","812,035,400","80,671"
310,310,Wareham,PLYMOUTH,2023,"23,303","633,863,000","27,201","4,129,275,400","177,199"
311,311,Warren,WORCESTER,2023,"4,975","105,574,000","21,221","430,289,400","86,490"
312,312,Warwick,FRANKLIN,2023,780,"18,918,000","24,254","82,405,000","105,647"
313,313,Washington,BERKSHIRE,2023,494,"16,300,000","32,996","85,907,800","173,902"
314,314,Watertown,MIDDLESEX,2023,"35,329","1,899,634,000","53,770","9,830,970,500","278,269"
315,315,Wayland,MIDDLESEX,2023,"13,943","1,995,290,000","143,103","4,238,747,600","304,005"
316,316,Webster,WORCESTER,2023,"17,776","513,696,000","28,898","1,844,205,900","103,747"
317,317,Wellesley,NORFOLK,2023,"29,550","6,248,636,000","211,460","13,524,019,800","457,666"
318,318,Wellfleet,BARNSTABLE,2023,"3,566","153,805,000","43,131","2,661,294,900","746,297"
319,319,Wendell,FRANKLIN,2023,924,"19,845,000","21,477","102,149,000","110,551"
320,320,Wenham,ESSEX,2023,"4,979","392,069,000","78,745","946,329,400","190,064"
321,322,West Boylston,WORCESTER,2023,"7,877","294,419,000","37,377","1,080,272,600","137,143"
322,323,West Bridgewater,PLYMOUTH,2023,"7,707","290,720,000","37,722","1,379,056,200","178,936"
323,324,West Brookfield,WORCESTER,2023,"3,833","140,378,000","36,624","440,792,400","114,999"
324,329,West Newbury,ESSEX,2023,"4,500","353,784,000","78,619","1,027,055,700","228,235"
325,332,West Springfield,HAMPDEN,2023,"28,835","851,551,000","29,532","2,966,876,100","102,891"
326,333,West Stockbridge,BERKSHIRE,2023,"1,343","58,045,000","43,220","410,234,100","305,461"
327,334,West Tisbury,DUKES,2023,"3,555","240,682,000","67,702","3,002,267,300","844,520"
328,321,Westborough,WORCESTER,2023,"21,567","1,269,510,000","58,864","4,556,141,700","211,255"
329,325,Westfield,HAMPDEN,2023,"40,834","1,225,609,000","30,014","3,606,467,600","88,320"
330,326,Westford,MIDDLESEX,2023,"24,643","1,630,178,000","66,152","5,161,061,500","209,433"
331,327,Westhampton,HAMPSHIRE,2023,"1,622","68,642,000","42,319","250,696,200","154,560"
332,328,Westminster,WORCESTER,2023,"8,213","329,762,000","40,151","1,117,484,000","136,063"
333,330,Weston,MIDDLESEX,2023,"11,851","3,947,628,000","333,105","6,765,132,800","570,849"
334,331,Westport,BRISTOL,2023,"16,339","787,052,000","48,170","3,742,770,600","229,070"
335,335,Westwood,NORFOLK,2023,"16,266","2,001,729,000","123,062","5,214,138,300","320,554"
336,336,Weymouth,NORFOLK,2023,"57,437","2,206,701,000","38,420","9,358,057,000","162,927"
337,337,Whately,FRANKLIN,2023,"1,607","36,489,000","22,706","288,556,600","179,562"
338,338,Whitman,PLYMOUTH,2023,"15,121","526,094,000","34,792","1,882,778,200","124,514"
339,339,Wilbraham,HAMPDEN,2023,"14,613","729,598,000","49,928","1,874,892,200","128,303"
340,340,Williamsburg,HAMPSHIRE,2023,"2,504","75,099,564","29,992","330,724,800","132,079"
341,341,Williamstown,BERKSHIRE,2023,"7,513","269,139,000","35,823","1,054,809,700","140,398"
342,342,Wilmington,MIDDLESEX,2023,"23,349","1,167,254,000","49,992","5,340,168,500","228,711"
343,343,Winchendon,WORCESTER,2023,"10,364","275,063,000","26,540","825,187,100","79,621"
344,344,Winchester,MIDDLESEX,2023,"22,970","2,799,298,000","121,868","8,680,662,000","377,913"
345,345,Windsor,BERKSHIRE,2023,831,"24,650,000","29,663","123,292,600","148,367"
346,346,Winthrop,SUFFOLK,2023,"19,316","713,603,000","36,944","2,870,648,300","148,615"
347,347,Woburn,MIDDLESEX,2023,"40,876","1,829,233,000","44,751","9,226,467,200","225,718"
348,348,Worcester,WORCESTER,2023,"206,518","4,638,107,000","22,459","15,426,121,200","74,696"
349,349,Worthington,HAMPSHIRE,2023,"1,193","34,443,000","28,871","182,949,300","153,352"
350,350,Wrentham,NORFOLK,2023,"12,178","738,007,000","60,602","2,481,220,700","203,746"
351,351,Yarmouth,BARNSTABLE,2023,"25,023","876,692,000","35,035","6,880,187,700","274,955"